{"cameraMode":{"drawMode":0,"name":"Shaded","section":"Shading Mode"},"sceneLighting":false,"audioPlay":false,"sceneViewState":{"showFog":true,"showMaterialUpdate":false,"showSkybox":true,"showFlares":true,"showImageEffects":true,"showParticleSystems":true},"in2DMode":false,"pivot":{"x":262.7879333496094,"y":19.27928924560547,"z":491.3139953613281},"rotation":{"x":0.04164908826351166,"y":0.37761369347572329,"z":-0.0170044656842947,"w":0.9248697757720947},"size":451.650390625,"orthographic":false}